{
  "hash": "2fca141a",
  "configHash": "9b0c7d81",
  "lockfileHash": "7bb0ef5f",
  "browserHash": "5d361b7b",
  "optimized": {
    "@angular/common": {
      "src": "../../../../../node_modules/@angular/common/fesm2022/common.mjs",
      "file": "@angular_common.js",
      "fileHash": "5a6f3a8a",
      "needsInterop": false
    },
    "@angular/core": {
      "src": "../../../../../node_modules/@angular/core/fesm2022/core.mjs",
      "file": "@angular_core.js",
      "fileHash": "730e3d0b",
      "needsInterop": false
    },
    "@angular/platform-browser": {
      "src": "../../../../../node_modules/@angular/platform-browser/fesm2022/platform-browser.mjs",
      "file": "@angular_platform-browser.js",
      "fileHash": "da3a3b56",
      "needsInterop": false
    },
    "@angular/router": {
      "src": "../../../../../node_modules/@angular/router/fesm2022/router.mjs",
      "file": "@angular_router.js",
      "fileHash": "709c53df",
      "needsInterop": false
    }
  },
  "chunks": {
    "chunk-HJRTXLLH": {
      "file": "chunk-HJRTXLLH.js"
    },
    "chunk-HQXNB4SY": {
      "file": "chunk-HQXNB4SY.js"
    },
    "chunk-VE4PK55K": {
      "file": "chunk-VE4PK55K.js"
    }
  }
}